post_url,URL,ancor,Логин,Пароль,Исполнитель,Тип ссылки,Дата,Текст,Nofollow / Dofollow,DR,Гарантия
https://jdm-expo.com/forum/topic/4696-i-need-a-writer-for-an-essay.html,https://bbessays.com/,bb essays,,,,Forum-post,04.08.2023,,Dofollow,"DR 40; Спам 3,36",2 месяца
https://lifeisfeudal.com/Discussions/question/is-it-possible-to-write-an-essay-quickly-and-cheaply,https://bbessays.com/,https://www.bbessays.com/,,,,Forum-post,05.08.2023,,Dofollow,"DR 56; Спам 4,22",2 месяца
https://agoracom.com/ir/Allana/forums/off-topic/topics/793056-an-essay-to-order-for-an-adult-child/?message_id=2390879#message,https://bbessays.com/,www.bbessays.com,,,,Forum-post,05.08.2023,,Dofollow,"DR 58; Спам 0,37",2 месяца
http://mail.party.biz/forums/topic/679761/-/view/post_id/1469886,https://bbessays.com/,bb essay,,,,Forum-post,06.08.2023,,Dofollow,"DR 70; Спам 3,60",2 месяца
https://myworldgo.com/groups/topic/view/group_id/20/topic_id/6317/post_id/43341,https://bbessays.com/,http://www.bbessays.com/,,,,Forum-post,07.08.2023,,Dofollow,"DR 59; Спам 4,08",2 месяца
http://www.welcome2solutions.com/forum/topics.aspx?ID=397024,https://bbessays.com/reviews,https://bbessays.com/reviews,,,,Forum-post,11.08.2023,,Dofollow,"DR 48; Спам 3,36",2 месяца
https://www.everone.life/forums/topic/324/essay-on-order-what-is-the-price-today/view/post_id/538,https://bbessays.com/reviews,bbessays.com/reviews,,,,Forum-post,12.08.2023,,Dofollow,"DR 47; Спам 6,12",2 месяца
https://butterflycoins.org/topics/64dc6a66f79a415fa4a50fc1,https://bbessays.com/articles,bbessays.com/articles,,,,Forum-post,16.08.2023,,Dofollow,"DR 55; Спам 1,80",2 месяца
https://cartagena.activeboard.com/t69765398/essay-on-order-how-much-does-it-cost/?page=last#lastPostAnchor,https://bbessays.com/articles,www.bbessays.com/articles,,,,Forum-post,17.08.2023,,Dofollow,"DR 73; Спам 3,48",2 месяца
https://www.tapatalk.com/groups/renotalkfr/do-you-know-reliable-expert-writers-t244647.html,https://bbessays.com/,https://bbessays.com/,,,,,12.02.2024,,DF,79,
https://original.misterpoll.com/forums/304799/topics/344759,https://bbessays.com/,bbessays.com,,,,,13.02.2024,,DF,73,
https://www.quora.com/What-is-the-best-essay-writing-website/answer/Max-Wise-19?prompt_topic_bio=1,https://bbessays.com/,bbessays,,,,,16.02.2024*,,NF,91,
https://dev.to/robinsmith/mastering-the-art-of-writing-an-impactful-essay-2nfl,https://bbessays.com/,bb essays,,,,,15.02.2024,,NF,89,
https://gitea.com/romanded/blog.g/issues/15,https://bbessays.com/,https://www.bbessays.com/,,,,,20.02.2024,,Nf,83,
https://bitcointalk.org/index.php?topic=1273104.60,https://bbessays.com/,www.bbessays.com,,,,,17.02.2024,,DF,87,
https://www.anobii.com/en/forum_thread?topicId=3487774,https://bbessays.com/,b b essays,,,,,19.02.2024,,NF,74,
https://castbox.fm/channel/PG-Essays-id5509470,https://bbessays.com/,https://www.bbessays.com/,,,,,18.02.2024,,NF,86,
https://www.adrex.com/en/forum/climbing/help-in-writing-an-article-39753/,https://bbessays.com/article-writing,https://bbessays.com/article-writing,,,,,21.02.2024,,DF,44,
"https://repforums.prosoundweb.com/index.php/topic,37955.0.html",https://bbessays.com/article-writing,bbessays.com/article-writing,,,,,22.02.2024,,DF,69,
https://tablo.com/genres/classics/discussions/7843,https://bbessays.com/assignment-writing,https://bbessays.com/assignment-writing,,,,,23.02.2024,,DF,53,
https://www.energyplan.eu/forums/topic/writing-assignments-for-college/,https://bbessays.com/assignment-writing,bbessays.com/assignment-writing,,,,,26.02.2024,,DF,42,
https://www.ewebdiscussion.com/threads/can-you-tell-me-who-i-can-contact-for-help-in-crafting-my-coursework.213026/,https://bbessays.com/coursework-writing,https://bbessays.com/coursework-writing,,,,,24.02.2024,,NF,50,
https://www.mlmdiary.com/answer/tell-me-who-can-help-me-craft-my-coursework-/1371,https://bbessays.com/coursework-writing,bbessays.com/coursework-writing,,,,,25.02.2024,,DF,40,
https://lyfepal.com/forums/thread/1364/I-m-having-difficulty-writing-an-essay,https://bbessays.com/essay-writer,https://bbessays.com/essay-writer,,,,,14.02.2024,,DF,53,
https://prasmuleli-cc.id/forums/discussion/digital-marketing/how-to-create-conditions-for-the-most-comfortable-essay-writing-in-order-to-increase-the-efficiency-and-quality-of-your-work,https://bbessays.com/essay-writer,bbessays.com/essay-writer,,,,,27.02.2024,,DF,48,
https://www.uscgq.com/forum/posts.php?forum=general&id=228601,https://bbessays.com/creative-writing,https://bbessays.com/creative-writing,,,,,28.02.2024,,DF,32,
https://edubg2020.wixsite.com/edubg/forum/education-forum/what-techniques-and-strategies-can-you-use-to-significantly-improve-your-creative-writing-skills,https://bbessays.com/creative-writing,bbessays.com/creative-writing,,,,,02.03.2024,,DF,94,
https://www.storeboard.com/groups/discussion_view.asp?gid=352&did=8606,https://bbessays.com/literature-review-writing,https://bbessays.com/literature-review-writing,,,,,03.03.2024,,DF,77,
https://www.deviantart.com/gameuniverso/art/Book-Review-Common-Sense-by-Thomas-Paine-978550369,https://bbessays.com/literature-review-writing,bbessays.com/literature-review-writing,,,,,04.03.2024,,NF,91,
https://www.espguitars.com/forums/1963230/posts/4713777-writing-a-personal-statement,https://bbessays.com/personal-statement-writing,bbessays.com/personal-statement-writing,,,,,05.03.2024,,DF,68,
https://www.fitday.com/fitness/forums/off-topic/29893-essayusa.html,https://bbessays.com/personal-statement-writing,https://bbessays.com/personal-statement-writing,,,,,06.03.2024,,DF,75,
https://forums.ftbwiki.org/topic/66626-what-is-the-importance-of-writing-an-admissions-essay-when-applying-to-college/,https://bbessays.com/college-essay,https://bbessays.com/college-essay,,,,,07.03.2024,,NF,48,
https://www.ezega.com/Communities/Forums/ShowThread/26081/College-essay,https://bbessays.com/college-essay,bbessays.com/college-essay,,,,,09.03.2024,,Df,46,
https://www.muchmorewithless.co.uk/students-11-tips-for-managing-your-money-at-uni/,https://bbessays.com/research-proposal-writing,https://bbessays.com/research-proposal-writing,,,,,10.03.2024,,DF,41,